"Item Id","Sold Date","Canceled Date","Completed Date","Item Title","Order Status","Shipped to State","Shipped from State","Item Price","Buyer Shipping Fee","Seller Shipping Fee","Mercari Selling Fee","Payment Processing Fee","Shipping Adjustment Fee","Net Seller Proceeds","Sales Tax Charged to Buyer","Merchant Fees Charged to Buyer"
"m45378192291","2023-06-21","","2023-06-25","Christian Dior Eau de Toilette Spray","Completed","New York","Georgia","79.00","7.40","0.00","7.90","3.01","0.00","68.09","7.45","0.00"
"m85219606120","2023-06-21","","2023-06-25","Maison Margiela Replica perfume","Completed","California","Georgia","25.00","4.30","0.00","2.50","1.35","0.00","21.15","1.81","0.00"
"m18189124595","2023-06-28","","2023-07-07","Michael Kors ankle boots","Completed","California","Georgia","30.00","9.50","0.00","3.00","1.65","0.00","25.35","2.51","0.00"
"m93430502741","2023-07-04","","2023-07-09","Prada dust bag","Completed","Florida","Georgia","7.00","4.30","0.00","0.70","0.83","0.00","5.47","0.79","0.00"
"m10994086425","2023-07-07","","2023-07-14","khiels avocado eyecream collection","Completed","Texas","Georgia","11.00","4.30","0.00","1.10","0.94","0.00","8.96","1.26","0.00"
"m95144562007","2023-07-08","","2023-07-14","Diptyque perfume collection","Completed","Massachusetts","Georgia","75.00","7.40","0.00","7.50","2.89","0.00","64.61","4.69","0.00"
"m15586182565","2023-07-10","","2023-07-14","aBercrombie & fitch red backpack","Completed","Arizona","Georgia","30.00","9.50","0.00","3.00","1.65","0.00","25.35","2.61","0.00"
"m49647034197","2023-07-12","","2023-07-16","Ferragamo Women's Carla Dots Pumps","Completed","New Jersey","Georgia","99.00","9.50","0.00","9.90","3.65","0.00","85.45","0.00","0.00"
"m87074551698","2023-07-08","","2023-07-19","La Mer The Moisturizing Cream","Completed","California","Georgia","48.00","4.99","0.00","4.80","2.04","0.00","41.16","4.92","0.00"
"m47727702474","2023-07-16","","2023-07-20","Stussy men Shirt","Completed","Texas","Georgia","19.00","7.40","0.00","1.90","1.27","0.00","15.83","2.18","0.00"
"m96617479253","2023-07-14","","2023-07-20","Stussy men denim Jacket","Completed","Missouri","Georgia","49.00","9.50","0.00","4.90","2.20","0.00","41.90","3.42","0.00"
"m83578011069","2023-07-17","","2023-07-20","coach backpack","Completed","Michigan","Georgia","144.00","12.30","0.00","14.40","5.03","0.00","124.57","8.64","0.00"
"m85604755371","2023-07-16","","2023-07-20","David Yurman 'Modern Cable' Wide Band Ring in Titanium","Completed","Louisiana","Georgia","120.00","4.30","0.00","12.00","4.10","0.00","103.90","10.81","0.00"
"m49576521176","2023-07-16","","2023-07-22","Free people skirt","Completed","Texas","Georgia","13.00","7.40","0.00","1.30","1.09","0.00","10.61","1.68","0.00"
"m29701069703","2023-07-14","","2023-07-24","Return to Tiffany Bead Necklace","Completed","Idaho","Georgia","190.00","4.30","0.00","19.00","6.13","0.00","164.87","11.40","0.00"
"m67941368630","2023-07-27","","2023-07-30","Lamer foundation-01 porcelain","Completed","Florida","Georgia","24.00","4.99","0.00","2.40","1.34","0.00","20.26","2.03","0.00"
"m47549189777","2023-07-27","","2023-07-30","Cle de peau de radiant cream foundation I10","Completed","Florida","Georgia","29.00","4.99","0.00","2.90","1.49","0.00","24.61","2.55","0.00"
"m37279236073","2023-07-28","","2023-08-01","Clarins body lift cream","Completed","Tennessee","Georgia","19.00","7.40","0.00","1.90","1.27","0.00","15.83","2.44","0.00"
"m80076265830","2023-07-29","","2023-08-02","CHANEL - Eau de Toilette Spray","Completed","New York","Georgia","31.00","7.40","0.00","3.10","1.61","0.00","26.29","3.41","0.00"
"m38973176095","2023-07-30","","2023-08-03","Anthropologie home blanket","Completed","Colorado","Georgia","37.00","9.50","0.00","3.70","1.85","0.00","31.45","3.86","0.00"
"m21347046660","2023-07-25","","2023-08-03","Levis men denim shirt","Completed","Vermont","Georgia","12.00","7.40","0.00","1.20","1.06","5.77","3.97","0.00","0.00"
"m68998593031","2023-07-30","","2023-08-04","herschel tote bag","Completed","California","Georgia","15.00","7.40","0.00","1.50","1.15","5.77","6.58","1.43","0.00"
"m94230187805","2023-07-31","","2023-08-05","Nike Sock Dart SE Black White size 11 men","Completed","Louisiana","Georgia","37.00","9.50","0.00","3.70","1.85","0.00","31.45","4.63","0.00"
"m41982276216","2023-08-02","","2023-08-06","Hermes box","Completed","Georgia","Georgia","12.00","7.40","0.00","1.20","1.06","0.00","9.74","1.16","0.00"
"m67187522860","2023-08-04","","2023-08-10","Jumpsuit mint color","Completed","Arizona","Georgia","13.00","7.40","0.00","1.30","1.09","0.00","10.61","1.01","0.00"
"m47173813471","2023-08-01","","2023-08-10","Diesel dress and adidas tee","Completed","Washington","Georgia","30.00","0.00","7.40","3.00","1.37","0.00","18.23","3.08","0.00"
"m92233608612","2023-08-07","","2023-08-10","Skin fix Barrier+ Lipid-Boost Body Cream 50ml","Completed","Massachusetts","Georgia","25.00","4.99","0.00","2.50","1.37","0.00","21.13","1.56","0.00"
"m63619409111","2023-08-06","","2023-08-11","Christian Louboutin box","Completed","Maryland","Georgia","22.00","7.40","0.00","2.20","1.35","0.00","18.45","1.32","0.00"
"m27258667088","2023-08-05","","2023-08-11","& other stories gray cardigan","Completed","New York","Georgia","37.00","9.50","0.00","3.70","1.85","0.00","31.45","0.00","0.00"
"m33934512096","2023-08-09","","2023-08-11","Aritzia TNA pink fleece Hoodie","Completed","Illinois","Georgia","33.00","9.50","0.00","3.30","1.73","0.00","27.97","2.76","3.00"
"m84533881514","2023-07-28","","2023-08-12","Commodity wool perfume","Completed","Texas","Georgia","42.00","7.40","0.00","4.20","1.93","0.00","35.87","4.08","0.00"
"m27189084412","2023-08-06","","2023-08-13","Nine West vintage heels","Completed","Kentucky","Georgia","15.00","9.50","0.00","1.50","1.21","0.00","12.29","1.47","0.00"
"m16749953258","2023-08-12","","2023-08-15","Gucci sneaker","Completed","North Carolina","Georgia","175.00","9.50","0.00","17.50","5.85","0.00","151.65","13.38","0.00"
"m39368325943","2023-08-11","","2023-08-15","Kiel’s Powerful-Strength Vitamin C Serum","Completed","Idaho","Georgia","18.00","4.99","0.00","1.80","1.17","0.00","15.03","1.08","0.00"
"m72047082531","2023-08-11","","2023-08-15","Estee Lauder doublewear foundation 1w0","Completed","California","Georgia","15.00","4.99","0.00","1.50","1.08","0.00","12.42","1.31","0.00"
"m90047654372","2023-08-14","","2023-08-17","Cole Haan men Boots","Completed","Texas","Georgia","30.00","10.99","0.00","3.00","1.69","0.00","25.31","0.00","0.00"
"m27642899501","2023-08-12","","2023-08-19","Calvin Klein men jacket","Completed","Minnesota","Georgia","13.00","7.40","0.00","1.30","1.09","5.77","4.84","0.00","0.00"
"m15076563604","2023-08-05","","2023-08-20","Ja dore perfume 100 ml","Completed","Michigan","Georgia","30.00","7.40","0.00","3.00","1.58","0.00","25.42","1.80","0.00"
"m88031490229","2023-08-10","","2023-08-21","Clothes","Completed","Georgia","Georgia","2.00","35.00","0.00","0.20","1.57","0.00","0.23","2.96","0.00"
"m36423661337","2023-08-17","","2023-08-22","Lush twilight sleepy body spray","Completed","Florida","Georgia","11.00","4.99","0.00","1.10","0.96","0.00","8.94","1.12","0.00"
"m55579582736","2023-08-19","","2023-08-22","Chanel les beiges","Completed","Florida","Georgia","19.00","7.40","0.00","1.90","1.27","0.00","15.83","1.98","0.00"
"m67610053173","2023-08-16","","2023-08-22","nike women sneaker","Completed","Kentucky","Georgia","35.00","9.50","0.00","3.50","1.79","0.00","29.71","2.67","0.00"
"m31901974897","2023-08-16","","2023-08-22","Versace  Bright Crystal Eau de Toilette Spray, 90 ml","Completed","Georgia","Georgia","32.00","7.40","0.00","3.20","1.64","0.00","27.16","3.15","0.00"
"m26994168792","2023-08-18","","2023-08-22","Bobbi brown luxe eye shadow","Completed","Iowa","Georgia","13.00","4.99","0.00","1.30","1.02","0.00","10.68","0.91","0.00"
"m62960446973","2023-08-17","","2023-08-23","Vivien Westwood small box","Completed","California","Georgia","13.00","4.30","0.00","1.30","1.00","0.00","10.70","1.40","0.00"
"m74877015828","2023-08-16","","2023-08-23","Sephora blush","Completed","Oregon","Georgia","9.00","4.30","0.00","0.90","0.89","0.00","7.21","0.00","0.00"
"b66100312325","2023-08-19","","2023-08-24","Bundle for nora_hanscom","Completed","Maine","Georgia","53.00","9.50","0.00","5.30","2.31","0.00","45.39","2.92","0.00"
"m35591291983","2023-08-17","","2023-08-24","Balenciaga Shoe box","Completed","Pennsylvania","Georgia","13.00","7.40","0.00","1.30","1.09","0.00","10.61","0.00","0.00"
"m13324201344","2023-08-21","","2023-08-25","gymshark men jacket","Completed","California","Georgia","23.00","7.40","0.00","2.30","1.38","0.00","19.32","1.90","0.00"
"m17305944673","2023-08-24","","2023-08-28","kate spade big dust bag","Completed","Ohio","Georgia","7.00","4.99","0.00","0.70","0.85","0.00","5.45","0.87","0.00"
"m78114224881","2023-08-22","","2023-08-28","Gucci shoe box","Completed","Texas","Georgia","12.00","7.40","0.00","1.20","1.06","0.00","9.74","1.60","0.00"
"m17641695627","2023-08-23","","2023-08-28","Jo Malone perfume myrrh and tonka","Completed","New Mexico","Georgia","70.00","9.50","0.00","7.00","2.81","0.00","60.19","6.41","0.00"
"m68713182291","2023-08-26","","2023-08-29","Tiffany & Co perfume Tiffany Love for her","Completed","Florida","Georgia","27.00","7.40","0.00","2.70","1.50","0.00","22.80","2.58","0.00"
"m59728978444","2023-08-20","","2023-08-29","Men Shoe","Completed","Georgia","Georgia","2.00","13.50","0.00","0.20","0.95","0.00","0.85","1.24","0.00"
"m82022674185","2023-08-21","","2023-08-29","Chanel N5 coco Samples 3","Completed","Illinois","Georgia","10.00","4.30","0.00","1.00","0.91","0.00","8.09","1.43","0.00"
"m86967014527","2023-08-24","","2023-08-29","diptyque samples tempo","Completed","Illinois","Georgia","8.00","4.30","0.00","0.80","0.86","0.00","6.34","1.01","0.00"
"m70505622103","2023-08-21","","2023-08-30","Nike Sock Dart SE Nylon Gray men","Completed","California","Georgia","10.00","9.50","0.00","1.00","1.07","0.00","7.93","0.88","0.00"
"m71032604992","2023-08-25","","2023-08-30","Foreo face cleaning tool","Completed","Arizona","Georgia","9.00","4.30","0.00","0.90","0.89","0.00","7.21","0.77","0.00"
"m85831493755","2023-08-28","","2023-08-31","3ce eyeshadow glitter","Completed","Maryland","Georgia","9.00","4.30","0.00","0.90","0.89","0.00","7.21","0.54","0.00"
"m47249655459","2023-08-27","","2023-08-31","Zara black vest","Completed","Wisconsin","Georgia","18.00","7.40","0.00","1.80","1.24","0.00","14.96","1.27","0.00"
"m25649301689","2023-08-23","","2023-08-31","urban decay glitter eye shadow","Completed","New York","Georgia","9.00","4.30","0.00","0.90","0.89","0.00","7.21","1.11","0.00"
"m47746668703","2023-08-27","","2023-08-31","Bombshell Sportswear Leggings","Completed","California","Georgia","38.00","4.99","0.00","3.80","1.75","0.00","32.45","3.14","0.00"
"m52732809810","2023-08-26","","2023-09-01","Courrèges Second Peau Eau De Perfume Spray 100ml","Completed","Texas","Georgia","55.00","7.40","0.00","5.50","2.31","0.00","47.19","5.15","0.00"
"m94027869570","2023-08-23","","2023-09-01","Albion skin conditional essential","Completed","Washington","Georgia","30.00","4.99","0.00","3.00","1.51","0.00","25.49","3.46","0.00"
"m13201695434","2023-08-27","","2023-09-02","Olaplex No. 4D Clean Volume Detox Dry Shampoo","Completed","California","Georgia","12.00","4.99","0.00","1.20","0.99","0.00","9.81","0.93","0.00"
"m40359520144","2023-08-29","","2023-09-03","Jcrew Sleeveless Black vest Dress","Completed","Florida","Georgia","12.00","7.40","0.00","1.20","1.06","0.00","9.74","1.36","0.00"
"m72960845403","2023-08-29","","2023-09-04","Anastasia Beverly Hills Soft Glam Eyeshadow Palette","Completed","Texas","Georgia","14.00","4.99","0.00","1.40","1.05","0.00","11.55","1.57","0.00"
"m23378080593","2023-08-29","","2023-09-06","Hyke teddy Jacket","Completed","New York","Georgia","67.00","9.50","0.00","6.70","2.72","0.00","57.58","0.00","0.00"
"m54001567569","2023-09-01","","2023-09-06","Clarins  busy beauty firming lotion","Completed","New Jersey","Georgia","10.00","4.99","0.00","1.00","0.93","0.00","8.07","0.99","0.00"
"m12052770310","2023-08-30","","2023-09-08","Make up forever ultra HD powder","Completed","California","Georgia","8.00","4.30","0.00","0.80","0.86","0.00","6.34","0.82","0.00"
"m93122889338","2023-09-01","","2023-09-08","Levis 501 Jeans 26","Completed","Texas","Georgia","25.00","7.40","0.00","2.50","1.44","0.00","21.06","2.67","0.00"
"m75289172267","2023-08-29","","2023-09-08","tiffany jewelry box set of 4","Completed","Idaho","Georgia","55.00","4.99","0.00","5.50","2.24","0.00","47.26","3.30","0.00"
"m69230924575","2023-08-31","","2023-09-08","Dior lip addict lip gloss 640","Completed","California","Georgia","14.00","4.30","0.00","1.40","1.03","0.00","11.57","1.44","0.00"
"m82133468300","2023-09-08","","2023-09-12","Mm6 shirt jacket","Completed","Pennsylvania","Georgia","70.00","7.40","0.00","7.00","2.74","0.00","60.26","0.00","0.00"
"m79522970655","2023-09-08","","2023-09-13","L'Artisan Parfumeur Eau de Parfum, 100 ml","Completed","Washington","Georgia","68.00","7.40","0.00","6.80","2.69","0.00","58.51","7.62","0.00"
"m87402403139","2023-09-08","","2023-09-14","Hunter boots","Completed","Maryland","Georgia","32.00","9.50","0.00","3.20","1.70","0.00","27.10","1.92","0.00"
"m81815995628","2023-09-09","","2023-09-14","chrome hearts two box with pouch","Completed","California","Georgia","29.00","4.30","0.00","2.90","1.47","0.00","24.63","2.97","0.00"
"m44235645691","2023-09-11","","2023-09-14","Balenciaga shoebox","Completed","Maryland","Georgia","15.00","7.40","0.00","1.50","1.15","0.00","12.35","0.90","0.00"
"m15870141035","2023-08-30","","2023-09-16","Fresh rose morning perfume","Completed","California","Georgia","14.00","7.40","0.00","1.40","1.12","0.00","11.48","1.09","0.00"
"m52815620604","2023-09-13","","2023-09-16","Artizia green faux leather Jacket NWT","Completed","Illinois","Georgia","70.00","9.50","0.00","7.00","2.81","0.00","60.19","8.15","0.00"
"m10867394315","2023-09-09","","2023-09-17","Burberry giant slik scarf","Completed","Florida","Georgia","100.00","4.30","0.00","10.00","3.52","0.00","86.48","6.78","0.00"
"m13241410917","2023-09-12","","2023-09-17","Coach Wallet","Completed","Nevada","Georgia","35.00","4.99","0.00","3.50","1.66","0.00","29.84","2.93","0.00"
"m66167610510","2023-09-12","","2023-09-17","Tiffany Wine glass","Completed","Florida","Georgia","108.00","9.50","0.00","10.80","3.91","0.00","93.29","8.23","0.00"
"m68517378388","2023-09-11","","2023-09-19","Vivien Westwood small box","Completed","Arizona","Georgia","14.00","4.30","0.00","1.40","1.03","0.00","11.57","0.89","0.00"
"m88337419563","2023-09-13","","2023-09-19","CHANEL LE ROUGE DUO ULTRAWEAR LIQUID LIPCOLOR #40","Completed","California","Georgia","23.00","4.30","0.00","2.30","1.29","0.00","19.41","2.01","0.00"
"m65274291069","2023-09-18","","2023-09-20","Lancome Palette","Completed","Georgia","Georgia","9.00","4.30","0.00","0.90","0.89","0.00","7.21","0.93","0.00"
"m20354698235","2023-09-17","","2023-09-21","essie nail polish bundle","Completed","Pennsylvania","Georgia","13.00","7.40","0.00","1.30","1.09","0.00","10.61","1.23","0.00"
"m79034170086","2023-09-12","","2023-09-21","Huda Beauty lipstick set of 2","Completed","Washington","Georgia","15.00","4.30","0.00","1.50","1.06","0.00","12.44","1.98","0.00"
"m94978122648","2023-09-13","","2023-09-21","Aritzia TNA tan crop top","Completed","Iowa","Georgia","14.00","4.99","0.00","1.40","1.05","0.00","11.55","0.84","0.00"
"m79984441764","2023-09-14","","2023-09-22","Off-White hoodie","Completed","Colorado","Georgia","83.00","7.40","0.00","8.30","3.12","0.00","71.58","6.34","0.00"
"m46247123311","2023-09-21","","2023-09-22","Louis Vuitton monogram wallet","Completed","Georgia","Georgia","280.00","7.40","0.00","28.00","8.83","0.00","243.17","17.24","0.00"
"b75754516477","2023-09-18","","2023-09-22","Bundle for hamwie","Completed","California","Georgia","20.00","4.99","0.00","2.00","1.22","0.00","16.78","1.58","0.00"
"m43066526931","2023-09-19","","2023-09-24","MCM DUST BAG","Completed","California","Georgia","12.00","4.99","0.00","1.20","0.99","0.00","9.81","1.23","0.00"
"m86626934904","2023-09-21","","2023-09-24","T3 dryer Model 73873","Completed","Missouri","Georgia","20.00","9.50","0.00","2.00","1.36","0.00","16.64","2.19","0.00"
"m69481045774","2023-09-16","","2023-09-24","Aritzia Sunday best cardigan","Completed","California","Georgia","28.00","9.50","0.00","2.80","1.59","0.00","23.61","2.87","0.00"
"m24451107691","2023-09-21","","2023-09-25","Zara linen blazer","Completed","Texas","Georgia","10.00","7.40","0.00","1.00","1.00","0.00","8.00","1.44","0.00"
"m76755197178","2023-09-19","","2023-09-25","essie nail polish bundle","Completed","Ohio","Georgia","13.00","7.40","0.00","1.30","1.09","0.00","10.61","1.53","0.00"
"m45082631534","2023-09-19","","2023-09-25","tory Burch leather bracelet","Completed","California","Georgia","18.00","4.30","0.00","1.80","1.15","0.00","15.05","1.40","0.00"
"b85992443713","2023-09-22","","2023-09-25","Bundle for SammiBobbins","Completed","California","Georgia","100.00","7.40","0.00","10.00","3.61","0.00","86.39","7.75","0.00"
"m42976768047","2023-09-22","","2023-09-28","Sunday best Aritzia plaid wide leg pants","Completed","Texas","Georgia","30.00","7.40","0.00","3.00","1.58","0.00","25.42","3.09","0.00"
"m76949187109","2023-09-26","","2023-09-29","tower28 lipstick gloss","Completed","Texas","Georgia","15.00","4.30","0.00","1.50","1.06","0.00","12.44","1.21","0.00"
"m98814013326","2023-09-27","","2023-09-30","Kylie cosmetics Sister sister lipstick and lip liner","Completed","Indiana","Georgia","15.00","4.30","0.00","1.50","1.06","0.00","12.44","1.35","0.00"
"m51277289197","2023-09-25","","2023-09-30","Gucci envolop","Completed","New Jersey","Georgia","20.00","7.40","0.00","2.00","1.29","0.00","16.71","1.82","0.00"
"m88926463546","2023-09-24","","2023-10-02","Zara corduroy black jacket","Completed","New York","Georgia","16.00","7.40","0.00","1.60","1.18","0.00","13.22","1.11","0.00"
"m39551821941","2023-09-28","","2023-10-04","IT Cosmetics CC fair","Completed","California","Georgia","18.00","4.30","0.00","1.80","1.15","0.00","15.05","1.85","0.00"
"m40383194413","2023-09-29","","2023-10-05","Rituals body care set","Completed","California","Georgia","15.00","7.40","0.00","1.50","1.15","0.00","12.35","1.31","0.00"
"m82189352958","2023-10-01","","2023-10-05","Puma x First Mile Women's Provoke XT Mono Casual Sneakers from Finish Line","Completed","Missouri","Georgia","28.00","7.99","0.00","2.80","1.54","0.00","23.66","2.87","0.00"
"m66608521881","2023-09-28","","2023-10-05","acne studio cap","Completed","California","Georgia","58.00","7.40","0.00","5.80","2.40","0.00","49.80","5.22","0.00"
"m21006288882","2023-09-29","","2023-10-05","Bobbi Brown Eye Shadow","Completed","Florida","Georgia","15.00","4.30","0.00","1.50","1.06","0.00","12.44","1.35","0.00"
"m39917794532","2023-09-24","","2023-10-07","Chanel jewelry box","Completed","Texas","Georgia","18.00","4.30","0.00","1.80","1.15","0.00","15.05","1.84","0.00"
"m14600242008","2023-10-03","","2023-10-08","Dior envelop","Completed","California","Georgia","12.00","4.30","0.00","1.20","0.97","0.00","9.83","1.29","0.00"
"m83287347812","2023-10-01","","2023-10-08","ed hardy women winter jacket","Completed","New York","Georgia","60.00","7.99","0.00","6.00","2.47","0.00","51.53","3.14","0.00"
"m15041573710","2023-09-30","","2023-10-09","Le labo perfume sample 3","Completed","New York","Georgia","11.25","4.30","0.00","1.12","0.95","0.00","9.18","1.24","0.00"
"m80536181632","2023-10-04","","2023-10-10","Hermes white oran leather sandal","Completed","Georgia","Georgia","106.00","7.40","0.00","10.60","3.79","0.00","91.61","9.07","0.00"
"m67126253985","2023-10-08","","2023-10-11","Sandro Jeans and self portrait jumpsuit","Completed","Georgia","Georgia","105.00","7.99","0.00","10.50","3.78","0.00","90.72","9.04","0.00"
"m80846300420","2023-09-24","","2023-10-11","Fresh life perfume","Completed","Hawaii","Georgia","22.00","4.99","0.00","2.20","1.28","0.00","18.52","1.21","0.00"
"m31495880843","2023-10-02","","2023-10-12","Chanel Graffiti Espadrilles CHANEL","Completed","Washington","Georgia","105.00","7.99","0.00","10.50","3.78","0.00","90.72","11.58","0.00"
"m66774484763","2023-10-04","","2023-10-12","Diptyque Do Son Body Mist","Completed","California","Georgia","23.00","7.40","0.00","2.30","1.38","0.00","19.32","1.90","0.00"
"m97921907328","2023-10-04","","2023-10-13","Maison margiela chalk white sweatshirt","Completed","California","Georgia","150.00","7.99","0.00","15.00","5.08","0.00","129.92","13.13","0.00"
"m25706455700","2023-10-07","","2023-10-14","Coach Blue shoulder bag","Completed","Pennsylvania","Georgia","177.00","7.99","0.00","17.70","5.86","0.00","153.44","11.10","0.00"
"m99637033760","2023-10-08","","2023-10-16","Ugg Boots","Completed","Texas","Georgia","34.00","9.50","0.00","3.40","1.76","0.00","28.84","3.59","0.00"
"m11619795688","2023-10-10","","2023-10-16","Dior jewelry box 2","Completed","Illinois","Georgia","35.00","4.99","0.00","3.50","1.66","0.00","29.84","4.00","0.00"
"m71429040465","2023-10-12","","2023-10-16","Roger vivier black leather boots","Completed","Illinois","Georgia","150.00","0.00","7.99","15.00","4.85","0.00","122.16","15.38","0.00"
"m80590677757","2023-10-12","","2023-10-17","Clinique eyeshadow + mascara Sample","Completed","Texas","Georgia","7.50","4.30","0.00","0.75","0.84","0.00","5.91","0.97","0.00"
"m60105603767","2023-10-10","","2023-10-17","Zara velvet mini skirt","Completed","New York","Georgia","12.00","4.99","0.00","1.20","0.99","0.00","9.81","0.00","0.00"
"m60689899700","2023-10-11","","2023-10-17","Aritiza TNA jacket","Completed","Iowa","Georgia","20.00","7.99","0.00","2.00","1.31","0.00","16.69","1.40","0.00"
"m19785385164","2023-10-10","","2023-10-17","Stussy black hoodie","Completed","Washington","Georgia","35.00","7.99","0.00","3.50","1.75","0.00","29.75","3.96","0.00"
"m99771090082","2023-10-13","","2023-10-20","Shu uemura 972","Completed","California","Georgia","12.00","4.30","0.00","1.20","0.97","0.00","9.83","1.23","0.00"
"m64481396900","2023-10-15","","2023-10-21","New balance sneaker","Completed","Texas","Georgia","40.00","7.99","0.00","4.00","1.89","0.00","34.11","3.96","0.00"
"m76273267389","2023-10-16","","2023-10-23","MARC JACOBS EYE-CONIC 800 FLAM(BOY)ANT FROST EYESHADOW PALETTE","Completed","Oklahoma","Georgia","21.00","4.99","0.00","2.10","1.25","0.00","17.65","1.79","0.00"
"m10852845405","2023-10-18","","2023-10-23","Lululemon Athletica Rain Rebel Jacket","Completed","Utah","Georgia","34.00","7.40","0.00","3.40","1.70","0.00","28.90","2.47","0.00"
"m93114710854","2023-10-23","","2023-10-26","Paula's Choice - RESIST Barrier Repair Moisturizer with Retinol","Completed","South Carolina","Georgia","10.00","4.30","0.00","1.00","0.91","0.00","8.09","1.14","0.00"
"m25707386071","2023-10-20","","2023-10-26","Burberry small box","Completed","Utah","Georgia","9.00","7.40","0.00","0.90","0.98","0.00","7.12","0.60","0.00"
"m55871283159","2023-10-22","","2023-10-26","BDG CROPTOP KNITWEAR","Completed","Mississippi","Georgia","20.00","4.99","0.00","2.00","1.22","0.00","16.78","1.75","0.00"
"m70330647056","2023-10-23","","2023-10-27","Alice + Olivia wide leg pants","Completed","Illinois","Georgia","19.50","4.99","0.00","1.95","1.21","0.00","16.34","1.71","0.00"
"m74184349618","2023-10-22","","2023-10-29","H&M brown sweater","Completed","Michigan","Georgia","8.00","7.99","0.00","0.80","0.96","0.00","6.24","0.48","0.00"
"m33507133504","2023-10-22","","2023-10-29","stuart weitzman  black strap sandals","Completed","Texas","Georgia","60.50","7.40","0.00","6.05","2.47","0.00","51.98","5.60","0.00"
"m10477395761","2023-10-24","","2023-10-30","Zara shearling leather jacket","Completed","Florida","Georgia","64.00","7.99","0.00","6.40","2.59","0.00","55.01","5.40","0.00"
"m70164330494","2023-10-24","","2023-10-30","Marc Jacobs Dot Perfume 50 ml","Completed","Texas","Georgia","34.00","7.40","0.00","3.40","1.70","0.00","28.90","3.42","0.00"
"m46278195952","2023-10-26","","2023-11-02","Versace Eros men perfume 100ml","Completed","Indiana","Georgia","35.00","4.99","0.00","3.50","1.66","0.00","29.84","2.80","0.00"
"m91912518139","2023-10-29","","2023-11-03","Elizabeth Arden RETINOL Ceramide Capsules Line Erasing Night Serum Anti Aging","Completed","Florida","Georgia","19.00","4.99","0.00","1.90","1.20","0.00","15.90","1.68","0.00"
"m24407789356","2023-11-01","","2023-11-04","Ysl lipstick water Stain 613","Completed","New York","Georgia","12.00","4.30","0.00","1.20","0.97","0.00","9.83","1.45","0.00"
"m93416995554","2023-10-31","","2023-11-05","Allsanints men’s shirt","Completed","New Jersey","Georgia","16.00","7.40","0.00","1.60","1.18","0.00","13.22","0.00","0.00"
"m78036726213","2023-11-02","","2023-11-05","Mac lipstick bundle","Completed","Nevada","Georgia","18.00","4.99","0.00","1.80","1.17","0.00","15.03","1.51","0.00"
"m86218020863","2023-10-23","","2023-11-06","Sisley-Paris Izia Eau de Parfum, 1.6 oz","Completed","Colorado","Georgia","52.50","7.40","0.00","5.25","2.24","0.00","45.01","4.38","0.00"
"m11854258039","2023-11-03","","2023-11-06","Ralph Lauren men Polo size L","Completed","Alabama","Georgia","16.00","4.99","0.00","1.60","1.11","2.41","10.88","1.28","0.00"
"m75464264629","2023-11-04","","2023-11-09","Huda Beauty foundation stick 200","Completed","New York","Georgia","11.00","4.30","0.00","1.10","0.94","0.00","8.96","1.36","0.00"
"m78685170365","2023-11-04","","2023-11-09","Versace men slides size 44","Completed","New Jersey","Georgia","102.00","7.99","0.00","10.20","3.69","0.00","88.11","0.00","0.00"
"m77671861695","2023-11-04","","2023-11-09","Chanel Rouge allure ink 152 new","Completed","California","Georgia","17.00","4.30","0.00","1.70","1.12","0.00","14.18","1.23","0.00"
"m71290445789","2023-11-05","","2023-11-11","Chantecaille Just Skin Tinted Moisturizer Alabaster 1.7oz","Completed","California","Georgia","22.00","4.30","0.00","2.20","1.26","0.00","18.54","2.09","0.00"
"m26220572417","2023-11-06","","2023-11-12","Hourglass highlighter ambient","Completed","Idaho","Georgia","20.00","0.00","4.99","2.00","1.08","0.00","11.93","1.20","0.00"
"m86610219590","2023-11-09","","2023-11-14","Zara black dress","Completed","Texas","Georgia","23.00","4.99","0.00","2.30","1.31","0.00","19.39","2.31","0.00"
"m90192951946","2023-11-08","","2023-11-15","Corset story beige laceup corset New","Completed","Missouri","Georgia","59.00","7.40","0.00","5.90","2.43","0.00","50.67","4.88","0.00"
"m70169432898","2023-11-13","","2023-11-19","Black Tea Firming Overnight Mask","Completed","Virginia","Georgia","10.00","4.99","0.00","1.00","0.93","0.00","8.07","0.53","0.00"
"m70317717668","2023-11-16","","2023-11-21","Kylie Cosmetics eyeshadow","Completed","Pennsylvania","Georgia","11.00","4.99","0.00","1.10","0.96","2.41","6.53","0.96","0.00"
"m79434258017","2023-11-18","","2023-11-23","Nike Air Max men","Completed","Tennessee","Georgia","19.00","7.99","0.00","1.90","1.28","0.00","15.82","2.63","0.00"
"m98090793906","2023-11-18","","2023-11-25","Versace gift bag","Completed","Michigan","Georgia","8.00","7.99","0.00","0.80","0.96","0.00","6.24","0.48","0.00"
"m11212666986","2023-11-26","","2023-11-30","Fendi shoe box","Completed","North Carolina","Georgia","23.00","9.50","0.00","2.30","1.44","0.00","19.26","2.36","0.00"
"m62938892216","2023-11-24","","2023-12-05","H&M mint crop Sweater","Completed","Washington","Georgia","9.00","4.99","0.00","0.90","0.91","0.00","7.19","1.41","0.00"
"m23808388327","2023-11-30","","2023-12-05","Urban outfitters shark hair clip","Completed","Connecticut","Georgia","6.00","4.30","0.00","0.60","0.80","0.00","4.60","0.65","0.00"
"m58515659844","2023-12-01","","2023-12-05","Hermes box","Completed","Maryland","Georgia","8.00","4.99","0.00","0.80","0.88","0.00","6.32","0.48","0.00"
"m78876282585","2023-12-03","","2023-12-08","Steve Madden black heel boots leather","Completed","Ohio","Georgia","20.00","7.99","0.00","2.00","1.31","0.00","16.69","1.89","0.00"
"m37081699896","2023-12-02","","2023-12-09","Vans beige skateboard pants","Completed","Georgia","Georgia","22.00","4.99","0.00","2.20","1.28","0.00","18.52","2.16","0.00"
"m78609902009","2023-12-03","","2023-12-10","Kate spade small bag","Completed","Arizona","Georgia","13.50","7.40","0.00","1.35","1.11","0.00","11.04","1.14","0.00"
"m79113635488","2023-12-04","","2023-12-10","OkaB salon flat","Completed","Florida","Georgia","15.00","7.40","0.00","1.50","1.15","0.00","12.35","1.68","0.00"
"m98540749282","2023-12-02","","2023-12-13","Vivien Westwood small box","Completed","California","Georgia","11.25","4.30","0.00","1.12","0.95","0.00","9.18","1.15","0.00"
"m78132099250","2023-12-08","","2023-12-13","Tom ford traceless soft Matt primer sample 5","Completed","Illinois","Georgia","23.00","4.30","0.00","2.30","1.29","0.00","19.41","2.80","0.00"
"m53710002332","2023-12-04","","2023-12-15","Armani 405 lipstick","Completed","Washington","Georgia","8.00","4.30","0.00","0.80","0.86","0.00","6.34","1.24","0.00"
"m40299931539","2023-12-12","","2023-12-16","Sekkisei - Emulsion (140ml)","Completed","California","Georgia","16.00","7.40","0.00","1.60","1.18","0.00","13.22","1.24","0.00"
"m36071734447","2023-12-13","","2023-12-16","Alexander Macqueen shoebox","Completed","Illinois","Georgia","7.50","7.40","0.00","0.75","0.93","0.00","5.82","1.53","0.00"
"m28143823559","2023-12-06","","2023-12-17","fenty beauty lip gloss","Completed","Connecticut","Georgia","9.00","4.30","0.00","0.90","0.89","0.00","7.21","0.84","0.00"
"m23103602251","2023-12-02","","2023-12-19","maison margiela replica Sample","Completed","Oklahoma","Georgia","9.00","4.30","0.00","0.90","0.89","0.00","7.21","0.76","0.00"
"m90145989748","2023-12-16","","2023-12-20","Louis Vuitton box with gift bag","Completed","Texas","Georgia","30.00","7.99","0.00","3.00","1.60","0.00","25.40","3.13","0.00"
"m71981540231","2023-12-16","","2023-12-23","AirPods Pro box","Completed","Utah","Georgia","6.00","4.99","0.00","0.60","0.82","0.00","4.58","0.44","0.00"
"m96371339203","2023-12-19","","2023-12-23","Bape Color Camo Ape Head One Point Polo","Completed","Maryland","Georgia","42.00","7.40","0.00","4.20","1.93","0.00","35.87","2.52","0.00"
"m89344308300","2023-12-21","","2023-12-27","Worth leopard print skirt","Completed","Colorado","Georgia","12.00","4.99","0.00","1.20","0.99","0.00","9.81","1.64","0.00"
"m93945484503","2023-12-22","","2023-12-27","Nike Air Jordan 6 Retro Shoes","Completed","Georgia","Georgia","15.00","7.99","0.00","1.50","1.17","0.00","12.33","1.84","0.00"
"m50180618505","2023-12-27","","2023-12-30","allsaints shirt men","Completed","Florida","Georgia","12.00","4.99","0.00","1.20","0.99","0.00","9.81","1.19","0.00"
"m76823352386","2023-12-30","","","Salvatore Ferragamo gift bag","In process","Texas","Georgia","11.00","7.40","0.00","1.10","1.03","0.00","8.87","1.52","0.00"
"m21119386744","2023-12-29","","2024-01-02","Apple Watch band brand new","Completed","South Carolina","Georgia","15.00","4.30","0.00","1.50","1.06","0.00","12.44","1.35","0.00"
"m64638630336","2023-11-21","","2024-01-05","Rolex watch coffee table books","Completed","Florida","Georgia","16.00","7.40","0.00","1.60","1.18","0.00","13.22","1.64","0.00"
"m84349629461","2023-12-28","","2024-01-05","fenty beauty match stix","Completed","Arizona","Georgia","10.00","4.99","0.00","1.00","0.93","0.00","8.07","0.78","0.00"
"m49650810162","2023-12-30","","2024-01-07","Celine causal jacket","Completed","California","Georgia","168.00","7.99","0.00","16.80","5.60","0.00","145.60","15.96","0.00"
"m28946416377","2024-01-01","","2024-01-07","Tiffany jewelry box","Completed","Ohio","Georgia","12.00","4.99","0.00","1.20","0.99","0.00","9.81","1.15","0.00"
"m72740416597","2023-07-08","2023-08-14","","Marvis toothpaste","Cancelled","New York","Georgia","10.00","7.40","0.00","0.00","0.00","0.00","0","0.00","0.00"
"m76330234833","2023-08-01","2023-08-01","","Diesel black dress","Cancelled","Washington","Georgia","20.00","0.00","7.40","0.00","0.00","0.00","0","0.00","0.00"
"m89069047725","2023-08-19","2023-08-19","","brandymelville knitwear","Cancelled","Maine","Georgia","28.00","9.50","0.00","0.00","0.00","0.00","0","0.00","0.00"
"m15870141035","2023-08-30","2023-08-30","","Fresh rose morning perfume","Cancelled","California","Georgia","14.00","7.40","0.00","0.00","0.00","0.00","0","0.00","0.00"
"m35737833051","2023-09-07","2023-09-23","","beats headphones","Cancelled","Texas","Georgia","39.00","7.40","0.00","0.00","0.00","0.00","0","0.00","0.00"
"m16479256520","2023-11-13","2023-12-03","","Corset story white laceup corset size 30","Cancelled","Wisconsin","Georgia","37.00","4.99","0.00","0.00","0.00","0.00","0","0.00","0.00"
"m71981540231","2023-12-01","2023-12-01","","AirPods Pro box","Cancelled","Nevada","Georgia","8.00","4.99","0.00","0.00","0.00","0.00","0","0.00","0.00"
"m64303765488","2023-12-01","2023-12-04","","Zara white cube","Cancelled","New Jersey","Georgia","2.00","35.00","0.00","0.00","0.00","0.00","0","0.00","0.00"
"m35235535749","2023-12-01","2023-12-04","","Zara small white","Cancelled","New Jersey","Georgia","2.00","35.00","0.00","0.00","0.00","0.00","0","0.00","0.00"
"m51875797707","2023-12-30","2024-01-02","","Burberry Sunglasses","Cancelled","California","Georgia","92.00","7.40","0.00","0.00","0.00","0.00","0","0.00","0.00"
"Totals:","","","","","","","","6536.50","1330.89","27.78","628.44","309.36","22.13","5304.19","503.95","3.00"
"Report generated on: 2024-01-11 14:38:48 UTC","","","","","","","","","","","","","","","",""